names,mins,maxs,label_min,label_max,logs,xHI
$\log(f_*)$,-3.7328977171294224,-0.3010299956639812,0.0,0.9998003620503403,0,True
$\log(V_c)$,0.6232492903979004,1.8836614351536176,,,1,
$\log(f_X)$,-4.0,1.0,,,2,
$\nu_\mathrm{min}$,0.1,3.0,,,--,
$\tau$,0.05509129840335715,0.08820784364958727,,,--,
$\alpha$,1.0,1.5,,,--,
$R_\mathrm{mfp}$,10.0,50.0,,,--,
