names,mins,maxs
$\log(f_*)$,-3.999670712501979,-0.3010299956639812
$\log(V_c)$,0.6232492903979004,1.999844268824309
$\log(f_X)$,-6.0,3.0
$\tau$,0.040019973,0.17377611
$\alpha$,1.0,1.5
$\nu_\mathrm{min}$,0.1,3.0
$R_\mathrm{mfp}$,10.0,50.0
